{
  "Even.add": 0.7916666666666667,
  "Even.sub": 0.7777777777777778,
  "Exists": 0.763888888888889,
  "Or": 0.75,
  "Even.exists_add_self": 0.6625,
  "AddMemClass.add_mem": 0.6583333333333333,
  "HasMemOrInvMem.inv_mem_of_notMem": 0.6541666666666667,
  "HasMemOrNegMem.neg_mem_of_notMem": 0.6499999999999999,
  "InvMemClass.inv_mem": 0.6458333333333333,
  "MulMemClass.mul_mem": 0.6416666666666666,
  "NegMemClass.neg_mem": 0.6375,
  "SMulMemClass.smul_mem": 0.6333333333333333,
  "StarMemClass.star_mem": 0.6291666666666667,
  "SubfieldClass.nnqsmul_mem": 0.625,
  "SubfieldClass.qsmul_mem": 0.6208333333333333,
  "VAddMemClass.vadd_mem": 0.6166666666666666,
  "div_mem": 0.6124999999999999,
  "mul_neg_mem": 0.6083333333333333,
  "neg_mul_mem": 0.6041666666666666,
  "nsmul_mem": 0.6,
  "pow_mem": 0.5958333333333333,
  "sub_mem": 0.5916666666666667,
  "zpow_mem": 0.5874999999999999,
  "zsmul_mem": 0.5833333333333333,
  "RingPreordering.eq_zero_of_mem_of_neg_mem": 0.5,
  "Aesop.BuiltinRules.ext": 0.4166666666666667,
  "Aesop.BuiltinRules.applyHyps": 0.3333333333333333,
  "HasMemOrInvMem.mem_of_inv_notMem": 0.16666666666666666,
  "HasMemOrNegMem.mem_of_neg_notMem": 0.08333333333333333
}