{
  "unsafe|constructors|global|Exists": 0.8333333333333334,
  "safe|tactic|global|Aesop.BuiltinRules.rfl": 0.8333333333333334,
  "unsafe|apply|global|Even.add": 0.8333333333333334,
  "unsafe|apply|global|Even.sub": 0.8333333333333334,
  "unsafe|constructors|global|Or": 0.8333333333333334,
  "safe|apply|global|ZeroMemClass.zero_mem": 0.8333333333333334,
  "safe|apply|global|OneMemClass.one_mem": 0.8333333333333334,
  "unsafe|forward|global|Even.exists_add_self": 0.6666666666666666,
  "safe|tactic|global|Aesop.BuiltinRules.assumption": 0.6666666666666666,
  "unsafe|apply|global|div_mem": 0.6666666666666666,
  "unsafe|apply|global|nsmul_mem": 0.6666666666666666,
  "unsafe|apply|global|pow_mem": 0.6666666666666666,
  "unsafe|apply|global|sub_mem": 0.6666666666666666,
  "unsafe|apply|global|zpow_mem": 0.6666666666666666,
  "unsafe|apply|global|zsmul_mem": 0.6666666666666666,
  "unsafe|apply|global|AddMemClass.add_mem": 0.6666666666666666,
  "unsafe|apply|global|InvMemClass.inv_mem": 0.6666666666666666,
  "unsafe|apply|global|MulMemClass.mul_mem": 0.6666666666666666,
  "unsafe|apply|global|NegMemClass.neg_mem": 0.6666666666666666,
  "unsafe|apply|global|SMulMemClass.smul_mem": 0.6666666666666666,
  "unsafe|apply|global|StarMemClass.star_mem": 0.6666666666666666,
  "unsafe|apply|global|SubfieldClass.nnqsmul_mem": 0.6666666666666666,
  "unsafe|apply|global|SubfieldClass.qsmul_mem": 0.6666666666666666,
  "unsafe|apply|global|VAddMemClass.vadd_mem": 0.6666666666666666,
  "unsafe|apply|global|mul_neg_mem": 0.6666666666666666,
  "unsafe|apply|global|neg_mul_mem": 0.6666666666666666,
  "unsafe|apply|global|HasMemOrInvMem.inv_mem_of_notMem": 0.6666666666666666,
  "unsafe|apply|global|HasMemOrNegMem.neg_mem_of_notMem": 0.6666666666666666,
  "unsafe|tactic|global|Aesop.BuiltinRules.ext": 0.5,
  "unsafe|apply|global|RingPreordering.eq_zero_of_mem_of_neg_mem": 0.5,
  "unsafe|tactic|global|Aesop.BuiltinRules.applyHyps": 0.3333333333333333,
  "unsafe|apply|global|HasMemOrInvMem.mem_of_inv_notMem": 0.16666666666666666,
  "unsafe|apply|global|HasMemOrNegMem.mem_of_neg_notMem": 0.16666666666666666
}