{
  "vocab": [
    "!",
    "&",
    "(",
    ")",
    "=",
    "a",
    "b",
    "c",
    "else",
    "false",
    "if",
    "p",
    "q",
    "then",
    "true",
    "|"
  ],
  "w_goal": [
    -4.007753330592667e-16,
    -1.3554499048770013e-14,
    -1.4676844808936274e-14,
    -1.4676844808936274e-14,
    -1.209107683766697e-14,
    -1.4676844808936274e-14,
    -1.4676844808936274e-14,
    4.900756449960353e-15,
    -4.730374078554256e-15,
    -6.777249524385007e-15,
    -4.730374078554256e-15,
    0.0,
    0.0,
    -4.730374078554256e-15,
    -7.797148343646754e-15,
    -5.964595950393864e-15
  ],
  "w_cand": [
    5.10883874520873,
    0.0,
    1.5038260264921832,
    1.5038260264921832,
    -4.806683624955372,
    -1.2016709062388649,
    -1.2016709062388649,
    2.4503782249801764e-15,
    -7.338422404468137e-15,
    -2.4033418124777115,
    -7.338422404468137e-15,
    0.0,
    0.0,
    -7.338422404468137e-15,
    -1.2016709062388635,
    0.0
  ]
}