{
  "Exists": 0.8333333333333334,
  "Even.add": 0.8333333333333334,
  "Even.sub": 0.8333333333333334,
  "Or": 0.8333333333333334,
  "Even.exists_add_self": 0.6666666666666666,
  "div_mem": 0.6666666666666666,
  "nsmul_mem": 0.6666666666666666,
  "pow_mem": 0.6666666666666666,
  "sub_mem": 0.6666666666666666,
  "zpow_mem": 0.6666666666666666,
  "zsmul_mem": 0.6666666666666666,
  "AddMemClass.add_mem": 0.6666666666666666,
  "InvMemClass.inv_mem": 0.6666666666666666,
  "MulMemClass.mul_mem": 0.6666666666666666,
  "NegMemClass.neg_mem": 0.6666666666666666,
  "SMulMemClass.smul_mem": 0.6666666666666666,
  "StarMemClass.star_mem": 0.6666666666666666,
  "SubfieldClass.nnqsmul_mem": 0.6666666666666666,
  "SubfieldClass.qsmul_mem": 0.6666666666666666,
  "VAddMemClass.vadd_mem": 0.6666666666666666,
  "mul_neg_mem": 0.6666666666666666,
  "neg_mul_mem": 0.6666666666666666,
  "HasMemOrInvMem.inv_mem_of_notMem": 0.6666666666666666,
  "HasMemOrNegMem.neg_mem_of_notMem": 0.6666666666666666,
  "Aesop.BuiltinRules.ext": 0.5,
  "RingPreordering.eq_zero_of_mem_of_neg_mem": 0.5,
  "Aesop.BuiltinRules.applyHyps": 0.3333333333333333,
  "HasMemOrInvMem.mem_of_inv_notMem": 0.16666666666666666,
  "HasMemOrNegMem.mem_of_neg_notMem": 0.16666666666666666
}