{
  "all": {
    "label": "ALL records",
    "n_records": 1697,
    "default_success": 1697,
    "custom_success": 1697,
    "both_succeed": 1697,
    "wall_seconds": {
      "default_mean": 4.381405390170003,
      "custom_mean": 4.395308180916259,
      "default_median": 4.293751645993325,
      "custom_median": 4.316421661002096
    },
    "rule_apps_ms (aesop search time on rules)": {
      "default_mean": 76.81408367707719,
      "custom_mean": 73.89116087212729,
      "default_median": 16.1,
      "custom_median": 16.5
    },
    "total_rule_applications": {
      "default_mean": 8.347083087802003,
      "custom_mean": 8.088391278727165,
      "default_total": 14165,
      "custom_total": 13726
    },
    "failed_rule_applications": {
      "default_mean": 3.4154390100176784,
      "custom_mean": 3.2527990571596934,
      "default_total": 5796,
      "custom_total": 5520
    },
    "successful_rule_applications": {
      "default_mean": 4.931644077784325,
      "custom_mean": 4.835592221567472,
      "default_total": 8369,
      "custom_total": 8206
    },
    "paired": {
      "custom_faster_wall": 848,
      "custom_slower_wall": 849,
      "tie_wall": 0,
      "custom_fewer_apps": 11,
      "custom_more_apps": 4,
      "tie_apps": 1682,
      "custom_fewer_failed_apps": 11,
      "custom_more_failed_apps": 3
    }
  },
  "with_decisions": {
    "label": "records with branch decisions",
    "n_records": 55,
    "default_success": 55,
    "custom_success": 55,
    "both_succeed": 55,
    "wall_seconds": {
      "default_mean": 5.02340281825428,
      "custom_mean": 4.988145617182652,
      "default_median": 4.635815503002959,
      "custom_median": 4.788691843001288
    },
    "rule_apps_ms (aesop search time on rules)": {
      "default_mean": 690.7018181818182,
      "custom_mean": 607.7672727272727,
      "default_median": 329.2,
      "custom_median": 312.8
    },
    "total_rule_applications": {
      "default_mean": 81.74545454545455,
      "custom_mean": 73.76363636363637,
      "default_total": 4496,
      "custom_total": 4057
    },
    "failed_rule_applications": {
      "default_mean": 48.981818181818184,
      "custom_mean": 43.96363636363636,
      "default_total": 2694,
      "custom_total": 2418
    },
    "successful_rule_applications": {
      "default_mean": 32.763636363636365,
      "custom_mean": 29.8,
      "default_total": 1802,
      "custom_total": 1639
    },
    "paired": {
      "custom_faster_wall": 28,
      "custom_slower_wall": 27,
      "tie_wall": 0,
      "custom_fewer_apps": 11,
      "custom_more_apps": 4,
      "tie_apps": 40,
      "custom_fewer_failed_apps": 11,
      "custom_more_failed_apps": 3
    }
  },
  "without_decisions": {
    "label": "records without branch decisions",
    "n_records": 1642,
    "default_success": 1642,
    "custom_success": 1642,
    "both_succeed": 1642,
    "wall_seconds": {
      "default_mean": 4.359901213224427,
      "custom_mean": 4.375450654122926,
      "default_median": 4.281721209001262,
      "custom_median": 4.307199568000215
    },
    "rule_apps_ms (aesop search time on rules)": {
      "default_mean": 56.25146163215591,
      "custom_mean": 56.00858708891596,
      "default_median": 15.350000000000001,
      "custom_median": 15.75
    },
    "total_rule_applications": {
      "default_mean": 5.888550548112058,
      "custom_mean": 5.888550548112058,
      "default_total": 9669,
      "custom_total": 9669
    },
    "failed_rule_applications": {
      "default_mean": 1.8891595615103531,
      "custom_mean": 1.8891595615103531,
      "default_total": 3102,
      "custom_total": 3102
    },
    "successful_rule_applications": {
      "default_mean": 3.9993909866017052,
      "custom_mean": 3.9993909866017052,
      "default_total": 6567,
      "custom_total": 6567
    },
    "paired": {
      "custom_faster_wall": 820,
      "custom_slower_wall": 822,
      "tie_wall": 0,
      "custom_fewer_apps": 0,
      "custom_more_apps": 0,
      "tie_apps": 1642,
      "custom_fewer_failed_apps": 0,
      "custom_more_failed_apps": 0
    }
  }
}