{
  "all": {
    "label": "ALL records",
    "n_records": 1697,
    "default_success": 1697,
    "custom_success": 1697,
    "both_succeed": 1697,
    "wall_seconds": {
      "default_mean": 3.8392781285580666,
      "custom_mean": 3.844841920967597,
      "default_median": 3.7587474519968964,
      "custom_median": 3.7549200110079255
    },
    "rule_apps_ms (aesop search time on rules)": {
      "default_mean": 64.88020035356512,
      "custom_mean": 62.61090159104302,
      "default_median": 14.4,
      "custom_median": 14.5
    },
    "total_rule_applications": {
      "default_mean": 8.347083087802003,
      "custom_mean": 8.109605185621685,
      "default_total": 14165,
      "custom_total": 13762
    },
    "failed_rule_applications": {
      "default_mean": 3.4154390100176784,
      "custom_mean": 3.27224513847967,
      "default_total": 5796,
      "custom_total": 5553
    },
    "successful_rule_applications": {
      "default_mean": 4.931644077784325,
      "custom_mean": 4.837360047142015,
      "default_total": 8369,
      "custom_total": 8209
    },
    "paired": {
      "custom_faster_wall": 798,
      "custom_slower_wall": 899,
      "tie_wall": 0,
      "custom_fewer_apps": 11,
      "custom_more_apps": 4,
      "tie_apps": 1682,
      "custom_fewer_failed_apps": 11,
      "custom_more_failed_apps": 3
    }
  },
  "with_decisions": {
    "label": "records with branch decisions",
    "n_records": 55,
    "default_success": 55,
    "custom_success": 55,
    "both_succeed": 55,
    "wall_seconds": {
      "default_mean": 4.363775375689676,
      "custom_mean": 4.267951319673342,
      "default_median": 4.036830599987297,
      "custom_median": 4.062391884988756
    },
    "rule_apps_ms (aesop search time on rules)": {
      "default_mean": 578.6618181818181,
      "custom_mean": 502.3636363636364,
      "default_median": 310.5,
      "custom_median": 296.1
    },
    "total_rule_applications": {
      "default_mean": 81.74545454545455,
      "custom_mean": 74.41818181818182,
      "default_total": 4496,
      "custom_total": 4093
    },
    "failed_rule_applications": {
      "default_mean": 48.981818181818184,
      "custom_mean": 44.56363636363636,
      "default_total": 2694,
      "custom_total": 2451
    },
    "successful_rule_applications": {
      "default_mean": 32.763636363636365,
      "custom_mean": 29.854545454545455,
      "default_total": 1802,
      "custom_total": 1642
    },
    "paired": {
      "custom_faster_wall": 26,
      "custom_slower_wall": 29,
      "tie_wall": 0,
      "custom_fewer_apps": 11,
      "custom_more_apps": 4,
      "tie_apps": 40,
      "custom_fewer_failed_apps": 11,
      "custom_more_failed_apps": 3
    }
  },
  "without_decisions": {
    "label": "records without branch decisions",
    "n_records": 1642,
    "default_success": 1642,
    "custom_success": 1642,
    "both_succeed": 1642,
    "wall_seconds": {
      "default_mean": 3.821709706760114,
      "custom_mean": 3.830669559866004,
      "default_median": 3.754797198009328,
      "custom_median": 3.752411329500319
    },
    "rule_apps_ms (aesop search time on rules)": {
      "default_mean": 47.670706455542025,
      "custom_mean": 47.88105968331303,
      "default_median": 13.55,
      "custom_median": 13.9
    },
    "total_rule_applications": {
      "default_mean": 5.888550548112058,
      "custom_mean": 5.888550548112058,
      "default_total": 9669,
      "custom_total": 9669
    },
    "failed_rule_applications": {
      "default_mean": 1.8891595615103531,
      "custom_mean": 1.8891595615103531,
      "default_total": 3102,
      "custom_total": 3102
    },
    "successful_rule_applications": {
      "default_mean": 3.9993909866017052,
      "custom_mean": 3.9993909866017052,
      "default_total": 6567,
      "custom_total": 6567
    },
    "paired": {
      "custom_faster_wall": 772,
      "custom_slower_wall": 870,
      "tie_wall": 0,
      "custom_fewer_apps": 0,
      "custom_more_apps": 0,
      "tie_apps": 1642,
      "custom_fewer_failed_apps": 0,
      "custom_more_failed_apps": 0
    }
  }
}